cosmic_release, cosmic_mut_id, gene, accession_number, mut_description, mut_syntax_cds,  mut_syntax_aa, chromosome, grch37_start,  grch37_stop, mut_nt, mut_aa, tumour_site, mutated_samples, examined_samples, mut_freq
COSMIC v64,COSM383711,39340,ENST00000401030,Substitution - Nonsense,c.115G>T,p.E39*,1,87369101,87369101,g>t,E>*,lung,1,1,100
COSMIC v64,COSM1181101,A1BG,ENST00000263100,Substitution - Missense,c.1460C>A,p.P487H,19,58858739,58858739,c>a,P>H,large_intestine,1,16,6.25
COSMIC v64,COSM568223,A1BG,ENST00000263100,Substitution - coding silent,c.1278C>A,p.P426P,19,58858921,58858921,c>a,P>P,lung,1,14,7.14
COSMIC v64,COSM226401,A1BG,ENST00000263100,Substitution - Missense,c.1132G>A,p.D378N,19,58861796,58861796,g>a,D>N,NS,1,1,100
COSMIC v64,COSM1181104,A1BG,ENST00000263100,Substitution - Missense,c.1034G>A,p.R345H,19,58861894,58861894,g>a,R>H,large_intestine,1,16,6.25
COSMIC v64,COSM1181102,A1BG,ENST00000263100,Substitution - Missense,c.1017G>T,p.E339D,19,58861911,58861911,g>t,E>D,large_intestine,1,16,6.25
COSMIC v64,COSM568222,A1BG,ENST00000263100,Unknown,c.910+5G>T,p.?,19,58862752,58862752,g>t, ,lung,1,14,7.14
COSMIC v64,COSM395741,A1BG,ENST00000263100,Substitution - Missense,c.839G>T,p.R280L,19,58862828,58862828,g>t,R>L,lung,1,14,7.14
COSMIC v64,COSM568221,A1BG,ENST00000263100,Substitution - coding silent,c.804G>T,p.A268A,19,58862863,58862863,g>t,A>A,lung,1,14,7.14
COSMIC v64,COSM1002703,A1BG,ENST00000263100,Substitution - coding silent,c.735C>T,p.R245R,19,58862932,58862932,c>t,R>R,endometrium,1,1,100
COSMIC v64,COSM1129683,A1BG,ENST00000263100,Substitution - Missense,c.733C>T,p.R245C,19,58862934,58862934,c>t,R>C,prostate,1,2,50
COSMIC v64,COSM339965,A1BG,ENST00000263100,Substitution - Missense,c.571G>A,p.A191T,19,58863691,58863691,g>a,A>T,lung,1,14,7.14
COSMIC v64,COSM308725,A1BG,ENST00000263100,Substitution - coding silent,c.570C>T,p.G190G,19,58863692,58863692,c>t,G>G,lung,1,14,7.14
COSMIC v64,COSM1181103,A1BG,ENST00000263100,Substitution - Missense,c.559G>T,p.D187Y,19,58863703,58863703,g>t,D>Y,large_intestine,1,16,6.25
COSMIC v64,COSM1129682,A1BG,ENST00000263100,Substitution - coding silent,c.480G>A,p.E160E,19,58863782,58863782,g>a,E>E,prostate,1,2,50
COSMIC v64,COSM475415,A1BG,ENST00000263100,Substitution - Missense,c.431G>T,p.R144L,19,58863831,58863831,g>t,R>L,kidney,1,2,50
COSMIC v64,COSM349686,A1BG,ENST00000263100,Substitution - Nonsense,c.417C>A,p.C139*,19,58863845,58863845,c>a,C>*,lung,1,14,7.14
COSMIC v64,COSM1181100,A1BG,ENST00000263100,Substitution - Missense,c.409G>A,p.A137T,19,58863853,58863853,g>a,A>T,large_intestine,1,16,6.25
COSMIC v64,COSM475416,A1BG,ENST00000263100,Substitution - Nonsense,c.347T>A,p.L116*,19,58863915,58863915,t>a,L>*,kidney,1,2,50
COSMIC v64,COSM568220,A1BG,ENST00000263100,Substitution - coding silent,c.306C>A,p.T102T,19,58864328,58864328,c>a,T>T,lung,1,14,7.14
COSMIC v64,COSM459836,A1BG,ENST00000263100,Substitution - Missense,c.281G>A,p.R94H,19,58864353,58864353,g>a,R>H,cervix,1,1,100
COSMIC v64,COSM568219,A1BG,ENST00000263100,Substitution - Missense,c.243C>G,p.F81L,19,58864391,58864391,c>g,F>L,lung,1,14,7.14
COSMIC v64,COSM273804,A1BG,ENST00000263100,Substitution - coding silent,c.105C>T,p.S35S,19,58864529,58864529,c>t,S>S,large_intestine,1,16,6.25
COSMIC v64,COSM370814,A1BG,ENST00000263100,Substitution - Missense,c.90C>A,p.S30R,19,58864544,58864544,c>a,S>R,lung,1,14,7.14
COSMIC v64,COSM568218,A1BG,ENST00000263100,Substitution - Missense,c.27G>T,p.L9F,19,58864777,58864777,g>t,L>F,lung,1,14,7.14
COSMIC v64,COSM539128,A1CF,ENST00000374001,Substitution - Missense,c.1758C>A,p.F586L,10,52566492,52566492,c>a,F>L,lung,1,23,4.35
COSMIC v64,COSM318402,A1CF,ENST00000374001,Substitution - Missense,c.1751G>A,p.G584D,10,52566499,52566499,g>a,G>D,lung,1,23,4.35
COSMIC v64,COSM191228,A1CF,ENST00000374001,Substitution - Missense,c.1736G>A,p.R579Q,10,52566514,52566514,g>a,R>Q,lung,1,23,4.35
COSMIC v64,COSM191228,A1CF,ENST00000374001,Substitution - Missense,c.1736G>A,p.R579Q,10,52566514,52566514,g>a,R>Q,large_intestine,1,4,25
COSMIC v64,COSM465724,A1CF,ENST00000374001,Substitution - Missense,c.1637C>T,p.P546L,10,52566613,52566613,c>t,P>L,kidney,1,3,33.33
COSMIC v64,COSM228132,A1CF,ENST00000374001,Substitution - Missense,c.1522G>A,p.E508K,10,52569741,52569741,g>a,E>K,skin,1,3,33.33
COSMIC v64,COSM308726,A1CF,ENST00000374001,Substitution - Missense,c.1489G>T,p.A497S,10,52569774,52569774,g>t,A>S,lung,1,23,4.35
COSMIC v64,COSM318400,A1CF,ENST00000374001,Substitution - Missense,c.1414T>A,p.L472M,10,52570846,52570846,t>a,L>M,lung,1,23,4.35
COSMIC v64,COSM348257,A1CF,ENST00000374001,Substitution - Missense,c.1343A>T,p.Q448L,10,52570917,52570917,a>t,Q>L,lung,1,23,4.35
COSMIC v64,COSM390426,A1CF,ENST00000374001,Substitution - coding silent,c.1314C>A,p.L438L,10,52573626,52573626,c>a,L>L,lung,1,23,4.35
COSMIC v64,COSM401045,A1CF,ENST00000374001,Substitution - coding silent,c.1299C>A,p.P433P,10,52573641,52573641,c>a,P>P,lung,1,23,4.35
COSMIC v64,COSM685037,A1CF,ENST00000374001,Substitution - Missense,c.1282C>T,p.P428S,10,52573658,52573658,c>t,P>S,lung,1,23,4.35
COSMIC v64,COSM356674,A1CF,ENST00000374001,Substitution - Missense,c.1271C>A,p.T424N,10,52573669,52573669,c>a,T>N,lung,1,23,4.35
COSMIC v64,COSM1159523,A1CF,ENST00000374001,Substitution - Missense,c.1202G>A,p.R401Q,10,52573738,52573738,g>a,R>Q,pancreas,2,24,8.33
COSMIC v64,COSM685035,A1CF,ENST00000374001,Substitution - coding silent,c.1155G>T,p.V385V,10,52573785,52573785,g>t,V>V,lung,1,23,4.35
COSMIC v64,COSM361491,A1CF,ENST00000374001,Substitution - coding silent,c.1149G>C,p.A383A,10,52573791,52573791,g>c,A>A,lung,1,23,4.35
COSMIC v64,COSM1181106,A1CF,ENST00000374001,Substitution - Missense,c.1148C>T,p.A383V,10,52573792,52573792,c>t,A>V,large_intestine,1,4,25
COSMIC v64,COSM369781,A1CF,ENST00000374001,Substitution - Missense,c.1099C>T,p.H367Y,10,52575808,52575808,c>t,H>Y,lung,1,23,4.35
COSMIC v64,COSM348259,A1CF,ENST00000374001,Substitution - Missense,c.1078C>T,p.H360Y,10,52575829,52575829,c>t,H>Y,lung,1,23,4.35
COSMIC v64,COSM242688,A1CF,ENST00000374001,Substitution - Missense,c.1046C>A,p.A349D,10,52575861,52575861,c>a,A>D,prostate,1,2,50
COSMIC v64,COSM40879,A1CF,ENST00000374001,Substitution - Missense,c.976G>A,p.E326K,10,52575931,52575931,g>a,E>K,central_nervous_system,1,44,2.27
COSMIC v64,COSM138756,A1CF,ENST00000374001,Substitution - Missense,c.883C>T,p.P295S,10,52576024,52576024,c>t,P>S,skin,1,3,33.33
COSMIC v64,COSM1181108,A1CF,ENST00000374001,Substitution - Missense,c.860A>G,p.N287S,10,52580319,52580319,a>g,N>S,large_intestine,1,4,25
COSMIC v64,COSM191234,A1CF,ENST00000374001,Substitution - Nonsense,c.796C>T,p.R266*,10,52580383,52580383,c>t,R>*,large_intestine,2,4,50
COSMIC v64,COSM539126,A1CF,ENST00000374001,Substitution - Missense,c.778G>C,p.E260Q,10,52580401,52580401,g>c,E>Q,lung,2,23,8.7
COSMIC v64,COSM685033,A1CF,ENST00000374001,Substitution - Missense,c.760A>T,p.I254F,10,52587900,52587900,a>t,I>F,lung,1,23,4.35
COSMIC v64,COSM465726,A1CF,ENST00000374001,Substitution - Missense,c.739A>G,p.I247V,10,52587921,52587921,a>g,I>V,kidney,1,3,33.33
COSMIC v64,COSM427663,A1CF,ENST00000374001,Substitution - Missense,c.584C>T,p.A195V,10,52595854,52595854,c>t,A>V,lung,1,23,4.35
COSMIC v64,COSM427663,A1CF,ENST00000374001,Substitution - Missense,c.584C>T,p.A195V,10,52595854,52595854,c>t,A>V,breast,1,1,100
COSMIC v64,COSM685031,A1CF,ENST00000374001,Substitution - Missense,c.577G>T,p.A193S,10,52595861,52595861,g>t,A>S,lung,1,23,4.35
COSMIC v64,COSM539124,A1CF,ENST00000374001,Substitution - Missense,c.550G>T,p.V184L,10,52595888,52595888,g>t,V>L,lung,1,23,4.35
COSMIC v64,COSM343865,A1CF,ENST00000374001,Complex,c.508_509CC>AA,p.P170>?,10,52595929,52595930,cc>aa,P>-,lung,1,23,4.35
COSMIC v64,COSM918835,A1CF,ENST00000374001,Substitution - coding silent,c.456C>A,p.I152I,10,52595982,52595982,c>a,I>I,prostate,1,2,50
COSMIC v64,COSM348261,A1CF,ENST00000374001,Substitution - Missense,c.374G>C,p.R125P,10,52596064,52596064,g>c,R>P,lung,1,23,4.35
COSMIC v64,COSM465728,A1CF,ENST00000374001,Substitution - Nonsense,c.241A>T,p.K81*,10,52601746,52601746,a>t,K>*,kidney,1,3,33.33
COSMIC v64,COSM225296,A1CF,ENST00000374001,Substitution - Missense,c.100G>A,p.E34K,10,52603882,52603882,g>a,E>K,NS,1,1,100
COSMIC v64,COSM225296,A1CF,ENST00000374001,Substitution - Missense,c.100G>A,p.E34K,10,52603882,52603882,g>a,E>K,skin,1,3,33.33
COSMIC v64,COSM378080,A1CF,ENST00000374001,Substitution - coding silent,c.96C>A,p.V32V,10,52619605,52619605,c>a,V>V,lung,1,23,4.35
COSMIC v64,COSM308728,A1CF,ENST00000374001,Substitution - Missense,c.79A>T,p.T27S,10,52619622,52619622,a>t,T>S,lung,1,23,4.35
COSMIC v64,COSM191242,A1CF,ENST00000374001,Substitution - Missense,c.51A>C,p.E17D,10,52619650,52619650,a>c,E>D,large_intestine,1,4,25
COSMIC v64,COSM539127,A1CF_ENST00000373995,ENST00000373995,Substitution - Missense,c.1782C>A,p.F594L,10,52566492,52566492,c>a,F>L,lung,1,27,3.7
COSMIC v64,COSM318403,A1CF_ENST00000373995,ENST00000373995,Substitution - Missense,c.1775G>A,p.G592D,10,52566499,52566499,g>a,G>D,lung,1,27,3.7
COSMIC v64,COSM191229,A1CF_ENST00000373995,ENST00000373995,Substitution - Missense,c.1760G>A,p.R587Q,10,52566514,52566514,g>a,R>Q,lung,1,27,3.7
COSMIC v64,COSM191229,A1CF_ENST00000373995,ENST00000373995,Substitution - Missense,c.1760G>A,p.R587Q,10,52566514,52566514,g>a,R>Q,large_intestine,1,5,20
COSMIC v64,COSM465723,A1CF_ENST00000373995,ENST00000373995,Substitution - Missense,c.1661C>T,p.P554L,10,52566613,52566613,c>t,P>L,kidney,1,3,33.33
COSMIC v64,COSM228133,A1CF_ENST00000373995,ENST00000373995,Substitution - Missense,c.1546G>A,p.E516K,10,52569741,52569741,g>a,E>K,skin,1,2,50
COSMIC v64,COSM308727,A1CF_ENST00000373995,ENST00000373995,Substitution - Missense,c.1513G>T,p.A505S,10,52569774,52569774,g>t,A>S,lung,1,27,3.7
COSMIC v64,COSM318401,A1CF_ENST00000373995,ENST00000373995,Substitution - Missense,c.1438T>A,p.L480M,10,52570846,52570846,t>a,L>M,lung,1,27,3.7
COSMIC v64,COSM348256,A1CF_ENST00000373995,ENST00000373995,Substitution - Missense,c.1367A>T,p.Q456L,10,52570917,52570917,a>t,Q>L,lung,1,27,3.7
COSMIC v64,COSM390425,A1CF_ENST00000373995,ENST00000373995,Substitution - coding silent,c.1338C>A,p.L446L,10,52573626,52573626,c>a,L>L,lung,1,27,3.7
COSMIC v64,COSM401044,A1CF_ENST00000373995,ENST00000373995,Substitution - coding silent,c.1323C>A,p.P441P,10,52573641,52573641,c>a,P>P,lung,1,27,3.7
COSMIC v64,COSM685036,A1CF_ENST00000373995,ENST00000373995,Substitution - Missense,c.1306C>T,p.P436S,10,52573658,52573658,c>t,P>S,lung,1,27,3.7
COSMIC v64,COSM356673,A1CF_ENST00000373995,ENST00000373995,Substitution - Missense,c.1295C>A,p.T432N,10,52573669,52573669,c>a,T>N,lung,1,27,3.7
COSMIC v64,COSM1159522,A1CF_ENST00000373995,ENST00000373995,Substitution - Missense,c.1226G>A,p.R409Q,10,52573738,52573738,g>a,R>Q,pancreas,2,2,100
COSMIC v64,COSM685034,A1CF_ENST00000373995,ENST00000373995,Substitution - coding silent,c.1179G>T,p.V393V,10,52573785,52573785,g>t,V>V,lung,1,27,3.7
COSMIC v64,COSM361490,A1CF_ENST00000373995,ENST00000373995,Substitution - coding silent,c.1173G>C,p.A391A,10,52573791,52573791,g>c,A>A,lung,1,27,3.7
COSMIC v64,COSM1181105,A1CF_ENST00000373995,ENST00000373995,Substitution - Missense,c.1172C>T,p.A391V,10,52573792,52573792,c>t,A>V,large_intestine,1,5,20
COSMIC v64,COSM369780,A1CF_ENST00000373995,ENST00000373995,Substitution - Missense,c.1123C>T,p.H375Y,10,52575808,52575808,c>t,H>Y,lung,1,27,3.7
COSMIC v64,COSM348258,A1CF_ENST00000373995,ENST00000373995,Substitution - Missense,c.1102C>T,p.H368Y,10,52575829,52575829,c>t,H>Y,lung,1,27,3.7
COSMIC v64,COSM242689,A1CF_ENST00000373995,ENST00000373995,Substitution - Missense,c.1070C>A,p.A357D,10,52575861,52575861,c>a,A>D,prostate,1,2,50
COSMIC v64,COSM1181107,A1CF_ENST00000373995,ENST00000373995,Substitution - Missense,c.884A>G,p.N295S,10,52580319,52580319,a>g,N>S,large_intestine,1,5,20
COSMIC v64,COSM191235,A1CF_ENST00000373995,ENST00000373995,Substitution - Nonsense,c.820C>T,p.R274*,10,52580383,52580383,c>t,R>*,large_intestine,2,5,40
COSMIC v64,COSM539125,A1CF_ENST00000373995,ENST00000373995,Substitution - Missense,c.802G>C,p.E268Q,10,52580401,52580401,g>c,E>Q,lung,2,27,7.41
COSMIC v64,COSM685032,A1CF_ENST00000373995,ENST00000373995,Substitution - Missense,c.784A>T,p.I262F,10,52587900,52587900,a>t,I>F,lung,1,27,3.7
COSMIC v64,COSM465725,A1CF_ENST00000373995,ENST00000373995,Substitution - Missense,c.763A>G,p.I255V,10,52587921,52587921,a>g,I>V,kidney,1,3,33.33
COSMIC v64,COSM427662,A1CF_ENST00000373995,ENST00000373995,Substitution - Missense,c.608C>T,p.A203V,10,52595854,52595854,c>t,A>V,lung,1,27,3.7
COSMIC v64,COSM427662,A1CF_ENST00000373995,ENST00000373995,Substitution - Missense,c.608C>T,p.A203V,10,52595854,52595854,c>t,A>V,breast,1,1,100
COSMIC v64,COSM685030,A1CF_ENST00000373995,ENST00000373995,Substitution - Missense,c.601G>T,p.A201S,10,52595861,52595861,g>t,A>S,lung,1,27,3.7
COSMIC v64,COSM539123,A1CF_ENST00000373995,ENST00000373995,Substitution - Missense,c.574G>T,p.V192L,10,52595888,52595888,g>t,V>L,lung,1,27,3.7
COSMIC v64,COSM343864,A1CF_ENST00000373995,ENST00000373995,Complex,c.532_533CC>AA,p.P178>?,10,52595929,52595930,cc>aa,P>-,lung,1,27,3.7
COSMIC v64,COSM918834,A1CF_ENST00000373995,ENST00000373995,Substitution - coding silent,c.480C>A,p.I160I,10,52595982,52595982,c>a,I>I,prostate,1,2,50
COSMIC v64,COSM348260,A1CF_ENST00000373995,ENST00000373995,Substitution - Missense,c.398G>C,p.R133P,10,52596064,52596064,g>c,R>P,lung,1,27,3.7
COSMIC v64,COSM465727,A1CF_ENST00000373995,ENST00000373995,Substitution - Nonsense,c.265A>T,p.K89*,10,52601746,52601746,a>t,K>*,kidney,1,3,33.33
COSMIC v64,COSM225297,A1CF_ENST00000373995,ENST00000373995,Substitution - Missense,c.124G>A,p.E42K,10,52603882,52603882,g>a,E>K,NS,1,1,100
